[
  {
    "metadataOutputVersion" : "3.0",
    "storagePrecision" : "Float32",
    "outputSchema" : [
      {
        "height" : "128",
        "colorspace" : "Grayscale",
        "isOptional" : "0",
        "width" : "128",
        "isColor" : "0",
        "formattedType" : "Image (Grayscale 128 × 128)",
        "hasSizeFlexibility" : "0",
        "type" : "Image",
        "shortDescription" : "",
        "name" : "output"
      }
    ],
    "modelParameters" : [

    ],
    "specificationVersion" : 3,
    "computePrecision" : "Float16",
    "isUpdatable" : "0",
    "availability" : {
      "macOS" : "10.14",
      "tvOS" : "12.0",
      "watchOS" : "5.0",
      "iOS" : "12.0",
      "macCatalyst" : "12.0"
    },
    "neuralNetworkLayerTypeHistogram" : {
      "Bias" : 1,
      "Concat" : 1,
      "PoolingAverage" : 1,
      "UnaryThreshold" : 24,
      "Convolution" : 26,
      "ResizeBilinear" : 2,
      "ActivationSigmoid" : 1,
      "Scale" : 1,
      "Add" : 3,
      "BatchNorm" : 25,
      "Multiply" : 1,
      "ActivationLinear" : 12,
      "ActivationReLU" : 7,
      "LoadConstant" : 1
    },
    "modelType" : {
      "name" : "MLModelType_neuralNetwork"
    },
    "userDefinedMetadata" : {
      "com.github.apple.coremltools.version" : "4.0",
      "com.github.apple.coremltools.source" : "onnx==1.3.0"
    },
    "generatedClassName" : "PortraitSegNew",
    "inputSchema" : [
      {
        "height" : "128",
        "colorspace" : "BGR",
        "isOptional" : "0",
        "width" : "128",
        "isColor" : "1",
        "formattedType" : "Image (Color 128 × 128)",
        "hasSizeFlexibility" : "0",
        "type" : "Image",
        "shortDescription" : "",
        "name" : "input"
      }
    ],
    "method" : "predict"
  }
]