[
  {
    "metadataOutputVersion" : "3.0",
    "storagePrecision" : "Float16",
    "outputSchema" : [
      {
        "hasShapeFlexibility" : "0",
        "isOptional" : "0",
        "dataType" : "Float32",
        "formattedType" : "MultiArray (Float32)",
        "shortDescription" : "MultiArray of shape (1, 1, 1, 320, 320). The first and second dimensions correspond to sequence and batch size, respectively",
        "shape" : "[]",
        "name" : "output_mask",
        "type" : "MultiArray"
      }
    ],
    "version" : "Medium_US320320_Chan4_D5_V33_03302022",
    "modelParameters" : [

    ],
    "author" : "Cisco",
    "specificationVersion" : 3,
    "license" : "Cisco",
    "computePrecision" : "Float16",
    "isUpdatable" : "0",
    "availability" : {
      "macOS" : "10.14",
      "tvOS" : "12.0",
      "watchOS" : "5.0",
      "iOS" : "12.0",
      "macCatalyst" : "12.0"
    },
    "modelType" : {
      "name" : "MLModelType_neuralNetwork"
    },
    "inputSchema" : [
      {
        "hasShapeFlexibility" : "0",
        "isOptional" : "0",
        "dataType" : "Float32",
        "formattedType" : "MultiArray (Float32 4 × 320 × 320)",
        "shortDescription" : "MultiArray of shape (1, 1, 4, 320, 320). The first and second dimensions correspond to sequence and batch size, respectively",
        "shape" : "[4, 320, 320]",
        "name" : "input_image",
        "type" : "MultiArray"
      }
    ],
    "userDefinedMetadata" : {
      "com.github.apple.coremltools.version" : "4.0",
      "com.github.apple.coremltools.source" : "onnx==1.3.0"
    },
    "generatedClassName" : "PortraitSegNew",
    "neuralNetworkLayerTypeHistogram" : {
      "PoolingAverage" : 1,
      "Concat" : 2,
      "UnaryThreshold" : 70,
      "Convolution" : 67,
      "ResizeBilinear" : 4,
      "ActivationSigmoid" : 1,
      "UnaryInverse" : 2,
      "Add" : 11,
      "Multiply" : 4,
      "ActivationLinear" : 35,
      "ActivationReLU" : 9,
      "LoadConstant" : 4
    },
    "method" : "predict"
  }
]